route,route_label,short_label,route_title,product_species,experimental,predicted
tbhp_bzcl,Route 1,R1,TBHP-BZCL,TBHP,0.0,0.0
tbhp_bzcl,Route 1,R1,TBHP-BZCL,TBHP,0.0395285086320837,0.027854538
tbhp_bzcl,Route 1,R1,TBHP-BZCL,TBHP,0.0409843159454448,0.050317086
tbhp_bzcl,Route 1,R1,TBHP-BZCL,TBHP,0.1175289629375093,0.09404024
tbhp_bzcl,Route 1,R1,TBHP-BZCL,TBHP,0.1577759622898424,0.12827197
tbhp_bzcl,Route 1,R1,TBHP-BZCL,TBHP,0.1443362208709375,0.1754086
tbhp_bzcl,Route 1,R1,TBHP-BZCL,TBHP,0.3209438724790399,0.3405137
tbhp_bzcl,Route 1,R1,TBHP-BZCL,TBHP,0.6521992588871175,0.649688
tbhp_bzcl,Route 1,R1,TBHP-BZCL,TBHP,0.0,0.0
tbhp_bzcl,Route 1,R1,TBHP-BZCL,TBHP,0.0122380259534988,0.047958337
tbhp_bzcl,Route 1,R1,TBHP-BZCL,TBHP,0.1305519898935951,0.08633933
tbhp_bzcl,Route 1,R1,TBHP-BZCL,TBHP,0.1488364913785638,0.1603104
tbhp_bzcl,Route 1,R1,TBHP-BZCL,TBHP,0.1832924910252362,0.21755832
tbhp_bzcl,Route 1,R1,TBHP-BZCL,TBHP,0.2927043988782181,0.29545596
tbhp_bzcl,Route 1,R1,TBHP-BZCL,TBHP,0.5107213499853085,0.56020474
tbhp_bzcl,Route 1,R1,TBHP-BZCL,TBHP,0.9785633899150694,1.0252713
tbhp_bzcl,Route 1,R1,TBHP-BZCL,TBHP,0.0,0.0
tbhp_bzcl,Route 1,R1,TBHP-BZCL,TBHP,0.0585309430234701,0.05491002
tbhp_bzcl,Route 1,R1,TBHP-BZCL,TBHP,0.0729246568824404,0.09866413
tbhp_bzcl,Route 1,R1,TBHP-BZCL,TBHP,0.207923867985059,0.18251622
tbhp_bzcl,Route 1,R1,TBHP-BZCL,TBHP,0.3059764174639205,0.24698475
tbhp_bzcl,Route 1,R1,TBHP-BZCL,TBHP,0.3932238421707392,0.3341135
tbhp_bzcl,Route 1,R1,TBHP-BZCL,TBHP,0.6507428565521138,0.6251653
tbhp_bzcl,Route 1,R1,TBHP-BZCL,TBHP,1.2137927385603522,1.117618
tbhp_bzcl,Route 1,R1,TBHP-BZCL,TBHP,0.0,0.0
tbhp_bzcl,Route 1,R1,TBHP-BZCL,TBHP,0.074767031470909,0.055884358
tbhp_bzcl,Route 1,R1,TBHP-BZCL,TBHP,0.1127009713092395,0.10029374
tbhp_bzcl,Route 1,R1,TBHP-BZCL,TBHP,0.2357803720779792,0.18509865
tbhp_bzcl,Route 1,R1,TBHP-BZCL,TBHP,0.2005873204118202,0.2500261
tbhp_bzcl,Route 1,R1,TBHP-BZCL,TBHP,0.352272780129379,0.33739167
tbhp_bzcl,Route 1,R1,TBHP-BZCL,TBHP,0.6229700201972097,0.6259386
tbhp_bzcl,Route 1,R1,TBHP-BZCL,TBHP,1.20070733638018,1.1016564
tbhp_bzcl,Route 1,R1,TBHP-BZCL,TBHP,0.0,0.0
tbhp_bzcl,Route 1,R1,TBHP-BZCL,TBHP,0.0098558311599088,0.0543671
tbhp_bzcl,Route 1,R1,TBHP-BZCL,TBHP,0.11199811052753,0.0974919
tbhp_bzcl,Route 1,R1,TBHP-BZCL,TBHP,0.1690941995614103,0.17964506
tbhp_bzcl,Route 1,R1,TBHP-BZCL,TBHP,0.2448022370904592,0.24236147
tbhp_bzcl,Route 1,R1,TBHP-BZCL,TBHP,0.3850966575776002,0.32649624
tbhp_bzcl,Route 1,R1,TBHP-BZCL,TBHP,0.5493102492612394,0.602144
tbhp_bzcl,Route 1,R1,TBHP-BZCL,TBHP,0.9676293974236004,1.0479193
tbhp_bzcl,Route 1,R1,TBHP-BZCL,TBHP,0.0,0.0
tbhp_bzcl,Route 1,R1,TBHP-BZCL,TBHP,0.0769193525319806,0.05188026
tbhp_bzcl,Route 1,R1,TBHP-BZCL,TBHP,0.1292827569737813,0.092979625
tbhp_bzcl,Route 1,R1,TBHP-BZCL,TBHP,0.1628172148398601,0.17114013
tbhp_bzcl,Route 1,R1,TBHP-BZCL,TBHP,0.1840160284969609,0.23068534
tbhp_bzcl,Route 1,R1,TBHP-BZCL,TBHP,0.2836840669399709,0.3103899
tbhp_bzcl,Route 1,R1,TBHP-BZCL,TBHP,0.5623014609286017,0.5699675
tbhp_bzcl,Route 1,R1,TBHP-BZCL,TBHP,0.9593996449913416,0.98355114
tbhp_bzcl,Route 1,R1,TBHP-BZCL,TBHP,0.0,0.0
tbhp_bzcl,Route 1,R1,TBHP-BZCL,TBHP,0.0872451226100299,0.049694844
tbhp_bzcl,Route 1,R1,TBHP-BZCL,TBHP,0.0716030343094491,0.08935376
tbhp_bzcl,Route 1,R1,TBHP-BZCL,TBHP,0.1842566476516491,0.16550484
tbhp_bzcl,Route 1,R1,TBHP-BZCL,TBHP,0.1907306489006099,0.22418152
tbhp_bzcl,Route 1,R1,TBHP-BZCL,TBHP,0.334538200588069,0.30365625
tbhp_bzcl,Route 1,R1,TBHP-BZCL,TBHP,0.5728551832285191,0.5705105
tbhp_bzcl,Route 1,R1,TBHP-BZCL,TBHP,0.95673524091246,1.0262179
tbhp_bzcl,Route 1,R1,TBHP-BZCL,TBHP,0.0,0.0
tbhp_bzcl,Route 1,R1,TBHP-BZCL,TBHP,0.0337373062120285,0.052739
tbhp_bzcl,Route 1,R1,TBHP-BZCL,TBHP,0.1112213166942197,0.094764374
tbhp_bzcl,Route 1,R1,TBHP-BZCL,TBHP,0.1316364915743584,0.17530383
tbhp_bzcl,Route 1,R1,TBHP-BZCL,TBHP,0.2019737524590983,0.23722336
tbhp_bzcl,Route 1,R1,TBHP-BZCL,TBHP,0.3699406627461385,0.32089978
tbhp_bzcl,Route 1,R1,TBHP-BZCL,TBHP,0.6633039342144187,0.6002815
tbhp_bzcl,Route 1,R1,TBHP-BZCL,TBHP,1.129256860140579,1.0718786
tbhp_bzcl,Route 1,R1,TBHP-BZCL,TBHP,0.0,0.0
tbhp_bzcl,Route 1,R1,TBHP-BZCL,TBHP,0.0544123735842987,0.05586072
tbhp_bzcl,Route 1,R1,TBHP-BZCL,TBHP,0.1263514629633384,0.10030538
tbhp_bzcl,Route 1,R1,TBHP-BZCL,TBHP,0.1601815873538097,0.18531337
tbhp_bzcl,Route 1,R1,TBHP-BZCL,TBHP,0.2970726832750792,0.2505194
tbhp_bzcl,Route 1,R1,TBHP-BZCL,TBHP,0.3519941642157285,0.33843318
tbhp_bzcl,Route 1,R1,TBHP-BZCL,TBHP,0.577081512418129,0.63029027
tbhp_bzcl,Route 1,R1,TBHP-BZCL,TBHP,1.199117728985879,1.1172374
tbhp_bzcl,Route 1,R1,TBHP-BZCL,TBHP,0.0,0.0
tbhp_bzcl,Route 1,R1,TBHP-BZCL,TBHP,0.0679975600718485,0.059057586
tbhp_bzcl,Route 1,R1,TBHP-BZCL,TBHP,0.0965501468086991,0.10597201
tbhp_bzcl,Route 1,R1,TBHP-BZCL,TBHP,0.2086520349563887,0.19552308
tbhp_bzcl,Route 1,R1,TBHP-BZCL,TBHP,0.3166281047385997,0.2640543
tbhp_bzcl,Route 1,R1,TBHP-BZCL,TBHP,0.3490152941947997,0.35623392
tbhp_bzcl,Route 1,R1,TBHP-BZCL,TBHP,0.6365160660618798,0.66049
tbhp_bzcl,Route 1,R1,TBHP-BZCL,TBHP,1.1722445709467095,1.1622247
tbhp_bzcl,Route 1,R1,TBHP-BZCL,TBHP,0.0,0.0
tbhp_bzcl,Route 1,R1,TBHP-BZCL,TBHP,0.0819412987457894,0.062326975
tbhp_bzcl,Route 1,R1,TBHP-BZCL,TBHP,0.0842845026680088,0.11175903
tbhp_bzcl,Route 1,R1,TBHP-BZCL,TBHP,0.2601010187472994,0.20592192
tbhp_bzcl,Route 1,R1,TBHP-BZCL,TBHP,0.2328172472109599,0.27781194
tbhp_bzcl,Route 1,R1,TBHP-BZCL,TBHP,0.4381226252876686,0.37427846
tbhp_bzcl,Route 1,R1,TBHP-BZCL,TBHP,0.6375830161660687,0.69083256
tbhp_bzcl,Route 1,R1,TBHP-BZCL,TBHP,1.2988585007922264,1.206771
tbhp_bzcl,Route 1,R1,TBHP-BZCL,TBHP,0.0,0.0
tbhp_bzcl,Route 1,R1,TBHP-BZCL,TBHP,0.0759049017184185,0.06566631
tbhp_bzcl,Route 1,R1,TBHP-BZCL,TBHP,0.1645017993322497,0.11766142
tbhp_bzcl,Route 1,R1,TBHP-BZCL,TBHP,0.2243904175965489,0.21649936
tbhp_bzcl,Route 1,R1,TBHP-BZCL,TBHP,0.2531636586958399,0.2917771
tbhp_bzcl,Route 1,R1,TBHP-BZCL,TBHP,0.4001127245788787,0.3925448
tbhp_bzcl,Route 1,R1,TBHP-BZCL,TBHP,0.7320724826838791,0.7212747
tbhp_bzcl,Route 1,R1,TBHP-BZCL,TBHP,1.366741047100179,1.2508208
tbhp_bzcl,Route 1,R1,TBHP-BZCL,TBHP,0.0,0.0
tbhp_bzcl,Route 1,R1,TBHP-BZCL,TBHP,0.1015442593151387,0.06907301
tbhp_bzcl,Route 1,R1,TBHP-BZCL,TBHP,0.1390837163655689,0.12367406
tbhp_bzcl,Route 1,R1,TBHP-BZCL,TBHP,0.1957411808950286,0.22724459
tbhp_bzcl,Route 1,R1,TBHP-BZCL,TBHP,0.2685448135056685,0.30593413
tbhp_bzcl,Route 1,R1,TBHP-BZCL,TBHP,0.3791209416391883,0.4110106
tbhp_bzcl,Route 1,R1,TBHP-BZCL,TBHP,0.7615680750475899,0.7517736
tbhp_bzcl,Route 1,R1,TBHP-BZCL,TBHP,1.1974067456215085,1.2943171
tbhp_wpo4,Route 2,R2,TBHP-TBA-WPO4,TBHP,0.0,0.0
tbhp_wpo4,Route 2,R2,TBHP-TBA-WPO4,TBHP,0.0986196585135157,0.07262623
tbhp_wpo4,Route 2,R2,TBHP-TBA-WPO4,TBHP,0.1455665969704379,0.14799146
tbhp_wpo4,Route 2,R2,TBHP-TBA-WPO4,TBHP,0.2760685791690639,0.30980164
tbhp_wpo4,Route 2,R2,TBHP-TBA-WPO4,TBHP,0.3932789791900734,0.3963494
tbhp_wpo4,Route 2,R2,TBHP-TBA-WPO4,TBHP,0.5435731435349228,0.5370308
tbhp_wpo4,Route 2,R2,TBHP-TBA-WPO4,TBHP,0.9891506297636756,0.9784662
tbhp_wpo4,Route 2,R2,TBHP-TBA-WPO4,TBHP,1.6759952096995434,1.6208423
tbhp_wpo4,Route 2,R2,TBHP-TBA-WPO4,TBHP,0.0,0.0
tbhp_wpo4,Route 2,R2,TBHP-TBA-WPO4,TBHP,0.1492213008723211,0.09153098
tbhp_wpo4,Route 2,R2,TBHP-TBA-WPO4,TBHP,0.1906533175348605,0.18522425
tbhp_wpo4,Route 2,R2,TBHP-TBA-WPO4,TBHP,0.3530136614422663,0.38199204
tbhp_wpo4,Route 2,R2,TBHP-TBA-WPO4,TBHP,0.4938349816448925,0.48480946
tbhp_wpo4,Route 2,R2,TBHP-TBA-WPO4,TBHP,0.6720521030880107,0.6483749
tbhp_wpo4,Route 2,R2,TBHP-TBA-WPO4,TBHP,1.1101548252714335,1.1332477
tbhp_wpo4,Route 2,R2,TBHP-TBA-WPO4,TBHP,1.934720203375556,1.7581431
tbhp_wpo4,Route 2,R2,TBHP-TBA-WPO4,TBHP,0.0,0.0
tbhp_wpo4,Route 2,R2,TBHP-TBA-WPO4,TBHP,0.1284499818782913,0.09205985
tbhp_wpo4,Route 2,R2,TBHP-TBA-WPO4,TBHP,0.1977468320587199,0.18580872
tbhp_wpo4,Route 2,R2,TBHP-TBA-WPO4,TBHP,0.3758987243689405,0.38106063
tbhp_wpo4,Route 2,R2,TBHP-TBA-WPO4,TBHP,0.5313304838670421,0.4821897
tbhp_wpo4,Route 2,R2,TBHP-TBA-WPO4,TBHP,0.7114653301760839,0.64176744
tbhp_wpo4,Route 2,R2,TBHP-TBA-WPO4,TBHP,1.1638289914642432,1.1047554
tbhp_wpo4,Route 2,R2,TBHP-TBA-WPO4,TBHP,1.7735284092729728,1.6734462
tbhp_wpo4,Route 2,R2,TBHP-TBA-WPO4,TBHP,0.0,0.0
tbhp_wpo4,Route 2,R2,TBHP-TBA-WPO4,TBHP,0.1290186846593717,0.08581493
tbhp_wpo4,Route 2,R2,TBHP-TBA-WPO4,TBHP,0.213402170541163,0.17311454
tbhp_wpo4,Route 2,R2,TBHP-TBA-WPO4,TBHP,0.3887178982954721,0.35461375
tbhp_wpo4,Route 2,R2,TBHP-TBA-WPO4,TBHP,0.535790911920439,0.44843414
tbhp_wpo4,Route 2,R2,TBHP-TBA-WPO4,TBHP,0.6983402844660579,0.5961937
tbhp_wpo4,Route 2,R2,TBHP-TBA-WPO4,TBHP,1.1685868517097515,1.0224823
tbhp_wpo4,Route 2,R2,TBHP-TBA-WPO4,TBHP,1.85111604841234,1.5381936
tbhp_wpo4,Route 2,R2,TBHP-TBA-WPO4,TBHP,0.0,0.0
tbhp_wpo4,Route 2,R2,TBHP-TBA-WPO4,TBHP,0.1225761193326999,0.07744151
tbhp_wpo4,Route 2,R2,TBHP-TBA-WPO4,TBHP,0.1917201321483606,0.15630586
tbhp_wpo4,Route 2,R2,TBHP-TBA-WPO4,TBHP,0.366504640153846,0.32051894
tbhp_wpo4,Route 2,R2,TBHP-TBA-WPO4,TBHP,0.517793561903476,0.4055285
tbhp_wpo4,Route 2,R2,TBHP-TBA-WPO4,TBHP,0.6809436915494697,0.5395706
tbhp_wpo4,Route 2,R2,TBHP-TBA-WPO4,TBHP,1.1244111352460573,0.9271999
tbhp_wpo4,Route 2,R2,TBHP-TBA-WPO4,TBHP,1.7980515396791614,1.3969941
tbhp_wpo4,Route 2,R2,TBHP-TBA-WPO4,TBHP,0.0,0.0
tbhp_wpo4,Route 2,R2,TBHP-TBA-WPO4,TBHP,0.0675552521015081,0.07519642
tbhp_wpo4,Route 2,R2,TBHP-TBA-WPO4,TBHP,0.1627402500179716,0.1520597
tbhp_wpo4,Route 2,R2,TBHP-TBA-WPO4,TBHP,0.3061877942564665,0.3130224
tbhp_wpo4,Route 2,R2,TBHP-TBA-WPO4,TBHP,0.4333328839131656,0.39683297
tbhp_wpo4,Route 2,R2,TBHP-TBA-WPO4,TBHP,0.5976136347924265,0.52965194
tbhp_wpo4,Route 2,R2,TBHP-TBA-WPO4,TBHP,1.039013969765867,0.9183208
tbhp_wpo4,Route 2,R2,TBHP-TBA-WPO4,TBHP,1.7353624963646697,1.3981993
tbhp_wpo4,Route 2,R2,TBHP-TBA-WPO4,TBHP,0.0,0.0
tbhp_wpo4,Route 2,R2,TBHP-TBA-WPO4,TBHP,0.124122537944259,0.096375056
tbhp_wpo4,Route 2,R2,TBHP-TBA-WPO4,TBHP,0.2057538901645394,0.19406117
tbhp_wpo4,Route 2,R2,TBHP-TBA-WPO4,TBHP,0.3873415234008582,0.39596522
tbhp_wpo4,Route 2,R2,TBHP-TBA-WPO4,TBHP,0.5447430819335819,0.49968293
tbhp_wpo4,Route 2,R2,TBHP-TBA-WPO4,TBHP,0.7223230781630727,0.6620895
tbhp_wpo4,Route 2,R2,TBHP-TBA-WPO4,TBHP,1.20712078193353,1.123438
tbhp_wpo4,Route 2,R2,TBHP-TBA-WPO4,TBHP,1.941024729600016,1.6613616
tbhp_wpo4,Route 2,R2,TBHP-TBA-WPO4,TBHP,0.0,0.0
tbhp_wpo4,Route 2,R2,TBHP-TBA-WPO4,TBHP,0.1601734825792765,0.11776256
tbhp_wpo4,Route 2,R2,TBHP-TBA-WPO4,TBHP,0.2430708047590449,0.23618764
tbhp_wpo4,Route 2,R2,TBHP-TBA-WPO4,TBHP,0.4532035521031337,0.478006
tbhp_wpo4,Route 2,R2,TBHP-TBA-WPO4,TBHP,0.6309158393147242,0.60070175
tbhp_wpo4,Route 2,R2,TBHP-TBA-WPO4,TBHP,0.8213673775263546,0.79076284
tbhp_wpo4,Route 2,R2,TBHP-TBA-WPO4,TBHP,1.2177633293543242,1.3168043
tbhp_wpo4,Route 2,R2,TBHP-TBA-WPO4,TBHP,1.977848165651374,1.9013523
tbhp_wpo4,Route 2,R2,TBHP-TBA-WPO4,TBHP,0.0,0.0
tbhp_wpo4,Route 2,R2,TBHP-TBA-WPO4,TBHP,0.190271137146822,0.13895291
tbhp_wpo4,Route 2,R2,TBHP-TBA-WPO4,TBHP,0.283325200973717,0.27765703
tbhp_wpo4,Route 2,R2,TBHP-TBA-WPO4,TBHP,0.5242545158801005,0.55772775
tbhp_wpo4,Route 2,R2,TBHP-TBA-WPO4,TBHP,0.7233520993540727,0.6982326
tbhp_wpo4,Route 2,R2,TBHP-TBA-WPO4,TBHP,0.9185451514662608,0.91377074
tbhp_wpo4,Route 2,R2,TBHP-TBA-WPO4,TBHP,1.283552834874922,1.4967632
tbhp_wpo4,Route 2,R2,TBHP-TBA-WPO4,TBHP,2.129094730815499,2.1185167
tbhp_wpo4,Route 2,R2,TBHP-TBA-WPO4,TBHP,0.0,0.0
tbhp_wpo4,Route 2,R2,TBHP-TBA-WPO4,TBHP,0.219845100500076,0.15967476
tbhp_wpo4,Route 2,R2,TBHP-TBA-WPO4,TBHP,0.3203931585184988,0.31796268
tbhp_wpo4,Route 2,R2,TBHP-TBA-WPO4,TBHP,0.5808229190547126,0.6342785
tbhp_wpo4,Route 2,R2,TBHP-TBA-WPO4,TBHP,0.7903556963160624,0.7913239
tbhp_wpo4,Route 2,R2,TBHP-TBA-WPO4,TBHP,0.9739518437228012,1.0301116
tbhp_wpo4,Route 2,R2,TBHP-TBA-WPO4,TBHP,1.5228127389224002,1.6628039
tbhp_wpo4,Route 2,R2,TBHP-TBA-WPO4,TBHP,2.127000099365922,2.3131235
tbhp_wpo4,Route 2,R2,TBHP-TBA-WPO4,TBHP,0.0,0.0
tbhp_wpo4,Route 2,R2,TBHP-TBA-WPO4,TBHP,0.070609597214012,0.066639975
tbhp_wpo4,Route 2,R2,TBHP-TBA-WPO4,TBHP,0.1053142315028279,0.13601793
tbhp_wpo4,Route 2,R2,TBHP-TBA-WPO4,TBHP,0.2022124413600784,0.28582147
tbhp_wpo4,Route 2,R2,TBHP-TBA-WPO4,TBHP,0.2898298230246949,0.36645895
tbhp_wpo4,Route 2,R2,TBHP-TBA-WPO4,TBHP,0.3852866651193792,0.49836087
tbhp_wpo4,Route 2,R2,TBHP-TBA-WPO4,TBHP,0.7416657148639629,0.9200144
tbhp_wpo4,Route 2,R2,TBHP-TBA-WPO4,TBHP,1.314933708066369,1.5638478
tbhp_wpo4,Route 2,R2,TBHP-TBA-WPO4,TBHP,0.0,0.0
tbhp_wpo4,Route 2,R2,TBHP-TBA-WPO4,TBHP,0.1246276438308964,0.11107374
tbhp_wpo4,Route 2,R2,TBHP-TBA-WPO4,TBHP,0.2026380819172296,0.22431178
tbhp_wpo4,Route 2,R2,TBHP-TBA-WPO4,TBHP,0.3770318721339534,0.46072116
tbhp_wpo4,Route 2,R2,TBHP-TBA-WPO4,TBHP,0.5254253909440341,0.583548
tbhp_wpo4,Route 2,R2,TBHP-TBA-WPO4,TBHP,0.6862008257252615,0.77803546
tbhp_wpo4,Route 2,R2,TBHP-TBA-WPO4,TBHP,1.2039757196535137,1.3491718
tbhp_wpo4,Route 2,R2,TBHP-TBA-WPO4,TBHP,1.794699289722884,2.0804656
tbhp_wpo4,Route 2,R2,TBHP-TBA-WPO4,TBHP,0.0,0.0
tbhp_wpo4,Route 2,R2,TBHP-TBA-WPO4,TBHP,0.2500221843051791,0.18122284
tbhp_wpo4,Route 2,R2,TBHP-TBA-WPO4,TBHP,0.3596199266907869,0.35993817
tbhp_wpo4,Route 2,R2,TBHP-TBA-WPO4,TBHP,0.6525072238186194,0.7143528
tbhp_wpo4,Route 2,R2,TBHP-TBA-WPO4,TBHP,0.8818758426071489,0.8889873
tbhp_wpo4,Route 2,R2,TBHP-TBA-WPO4,TBHP,1.132206151573797,1.152849
tbhp_wpo4,Route 2,R2,TBHP-TBA-WPO4,TBHP,1.7068378654520524,1.8420656
tbhp_wpo4,Route 2,R2,TBHP-TBA-WPO4,TBHP,2.2286968879371223,2.5305088
tbhp_wpo4,Route 2,R2,TBHP-TBA-WPO4,TBHP,0.0,0.0
tbhp_wpo4,Route 2,R2,TBHP-TBA-WPO4,TBHP,0.3270508056404594,0.2887072
tbhp_wpo4,Route 2,R2,TBHP-TBA-WPO4,TBHP,0.570295971886754,0.5592128
tbhp_wpo4,Route 2,R2,TBHP-TBA-WPO4,TBHP,0.9716733995889352,1.0568435
tbhp_wpo4,Route 2,R2,TBHP-TBA-WPO4,TBHP,1.2521046211801468,1.2841498
tbhp_wpo4,Route 2,R2,TBHP-TBA-WPO4,TBHP,1.514896491611036,1.6061178
tbhp_wpo4,Route 2,R2,TBHP-TBA-WPO4,TBHP,2.0343713513800505,2.3241253
tbhp_wpo4,Route 2,R2,TBHP-TBA-WPO4,TBHP,2.5827983507163936,2.67634
tbhp_wpo4,Route 2,R2,TBHP-TBA-WPO4,TBHP,0.0,0.0
tbhp_wpo4,Route 2,R2,TBHP-TBA-WPO4,TBHP,0.6220109695111791,0.4474452
tbhp_wpo4,Route 2,R2,TBHP-TBA-WPO4,TBHP,0.8439940578140412,0.83587515
tbhp_wpo4,Route 2,R2,TBHP-TBA-WPO4,TBHP,1.2810833798193415,1.4793425
tbhp_wpo4,Route 2,R2,TBHP-TBA-WPO4,TBHP,1.5509359119201491,1.7440962
tbhp_wpo4,Route 2,R2,TBHP-TBA-WPO4,TBHP,1.708523426297336,2.08776
tbhp_wpo4,Route 2,R2,TBHP-TBA-WPO4,TBHP,2.282575940770109,2.6353776
tbhp_wpo4,Route 2,R2,TBHP-TBA-WPO4,TBHP,2.558014044029561,2.814751
tbhp_cf3,Route 3,R3,TBHP-CF3,TBHP,0.0,0.0
tbhp_cf3,Route 3,R3,TBHP-CF3,TBHP,0.218143091120653,0.1318244
tbhp_cf3,Route 3,R3,TBHP-CF3,TBHP,0.3146203372671977,0.26299328
tbhp_cf3,Route 3,R3,TBHP-CF3,TBHP,0.578889949825045,0.5283258
tbhp_cf3,Route 3,R3,TBHP-CF3,TBHP,0.8015075207071584,0.6622438
tbhp_cf3,Route 3,R3,TBHP-CF3,TBHP,1.003582565826201,0.8696045
tbhp_cf3,Route 3,R3,TBHP-CF3,TBHP,1.4106755908324025,1.4537086
tbhp_cf3,Route 3,R3,TBHP-CF3,TBHP,2.3993749072773785,2.1834097
tbhp_cf3,Route 3,R3,TBHP-CF3,TBHP,0.0,0.0
tbhp_cf3,Route 3,R3,TBHP-CF3,TBHP,0.2352688274894372,0.16670154
tbhp_cf3,Route 3,R3,TBHP-CF3,TBHP,0.3367499741556993,0.32861048
tbhp_cf3,Route 3,R3,TBHP-CF3,TBHP,0.6282171354454585,0.6450855
tbhp_cf3,Route 3,R3,TBHP-CF3,TBHP,0.8737808176497518,0.79957384
tbhp_cf3,Route 3,R3,TBHP-CF3,TBHP,1.142040454120759,1.032298
tbhp_cf3,Route 3,R3,TBHP-CF3,TBHP,1.7541438491124774,1.6485543
tbhp_cf3,Route 3,R3,TBHP-CF3,TBHP,2.5592155913934374,2.3396165
tbhp_cf3,Route 3,R3,TBHP-CF3,TBHP,0.0,0.0
tbhp_cf3,Route 3,R3,TBHP-CF3,TBHP,0.2707988039672461,0.19315061
tbhp_cf3,Route 3,R3,TBHP-CF3,TBHP,0.3451935689905375,0.37684923
tbhp_cf3,Route 3,R3,TBHP-CF3,TBHP,0.6583990039624767,0.7257105
tbhp_cf3,Route 3,R3,TBHP-CF3,TBHP,0.9229460201054732,0.8913585
tbhp_cf3,Route 3,R3,TBHP-CF3,TBHP,1.19866790145082,1.1353787
tbhp_cf3,Route 3,R3,TBHP-CF3,TBHP,1.884480675381509,1.7500935
tbhp_cf3,Route 3,R3,TBHP-CF3,TBHP,2.598033334366838,2.3774369
tbhp_cf3,Route 3,R3,TBHP-CF3,TBHP,0.0,0.0
tbhp_cf3,Route 3,R3,TBHP-CF3,TBHP,0.3151472053832643,0.21223816
tbhp_cf3,Route 3,R3,TBHP-CF3,TBHP,0.4171601860367533,0.4104927
tbhp_cf3,Route 3,R3,TBHP-CF3,TBHP,0.7524585757507758,0.77802616
tbhp_cf3,Route 3,R3,TBHP-CF3,TBHP,1.0202310314652987,0.94856095
tbhp_cf3,Route 3,R3,TBHP-CF3,TBHP,1.2995031845809688,1.1951677
tbhp_cf3,Route 3,R3,TBHP-CF3,TBHP,1.9955853531018863,1.790739
tbhp_cf3,Route 3,R3,TBHP-CF3,TBHP,2.6794070029616086,2.3463364
tbhp_cf3,Route 3,R3,TBHP-CF3,TBHP,0.0,0.0
tbhp_cf3,Route 3,R3,TBHP-CF3,TBHP,0.3153554249926485,0.22521102
tbhp_cf3,Route 3,R3,TBHP-CF3,TBHP,0.4335025140396572,0.43239006
tbhp_cf3,Route 3,R3,TBHP-CF3,TBHP,0.7996236855453651,0.80878925
tbhp_cf3,Route 3,R3,TBHP-CF3,TBHP,1.0904648155804986,0.9800791
tbhp_cf3,Route 3,R3,TBHP-CF3,TBHP,1.2926684372071413,1.223913
tbhp_cf3,Route 3,R3,TBHP-CF3,TBHP,2.041239583769633,1.7912778
tbhp_cf3,Route 3,R3,TBHP-CF3,TBHP,2.745908681040697,2.2742872
tbhp_cf3,Route 3,R3,TBHP-CF3,TBHP,0.0,0.0
tbhp_cf3,Route 3,R3,TBHP-CF3,TBHP,0.3519921583060518,0.23323917
tbhp_cf3,Route 3,R3,TBHP-CF3,TBHP,0.4665975222795356,0.44503662
tbhp_cf3,Route 3,R3,TBHP-CF3,TBHP,0.8349925739181147,0.82334447
tbhp_cf3,Route 3,R3,TBHP-CF3,TBHP,1.1170229052683145,0.992677
tbhp_cf3,Route 3,R3,TBHP-CF3,TBHP,1.3966048428538769,1.2304542
tbhp_cf3,Route 3,R3,TBHP-CF3,TBHP,2.1115272440359694,1.7652056
tbhp_cf3,Route 3,R3,TBHP-CF3,TBHP,2.617181707497971,2.1779976
tbhp_cf3,Route 3,R3,TBHP-CF3,TBHP,0.0,0.0
tbhp_cf3,Route 3,R3,TBHP-CF3,TBHP,0.2638183118876884,0.1877957
tbhp_cf3,Route 3,R3,TBHP-CF3,TBHP,0.378548079251049,0.36267534
tbhp_cf3,Route 3,R3,TBHP-CF3,TBHP,0.6697686466152802,0.6858378
tbhp_cf3,Route 3,R3,TBHP-CF3,TBHP,0.9050340879051616,0.8352029
tbhp_cf3,Route 3,R3,TBHP-CF3,TBHP,1.1646417723451037,1.050222
tbhp_cf3,Route 3,R3,TBHP-CF3,TBHP,2.050732542352919,1.5609338
tbhp_cf3,Route 3,R3,TBHP-CF3,TBHP,2.2947476271379275,2.0061607
tbhp_cf3,Route 3,R3,TBHP-CF3,TBHP,0.0,0.0
tbhp_cf3,Route 3,R3,TBHP-CF3,TBHP,0.3078630404001919,0.23135382
tbhp_cf3,Route 3,R3,TBHP-CF3,TBHP,0.4727380655373345,0.4431209
tbhp_cf3,Route 3,R3,TBHP-CF3,TBHP,0.8413987326392133,0.82538635
tbhp_cf3,Route 3,R3,TBHP-CF3,TBHP,1.1288445722938951,0.9983321
tbhp_cf3,Route 3,R3,TBHP-CF3,TBHP,1.2697172040853495,1.2434168
tbhp_cf3,Route 3,R3,TBHP-CF3,TBHP,1.9915199664372232,1.8083484
tbhp_cf3,Route 3,R3,TBHP-CF3,TBHP,2.6401365078566283,2.2803495
tbhp_cf3,Route 3,R3,TBHP-CF3,TBHP,0.0,0.0
tbhp_cf3,Route 3,R3,TBHP-CF3,TBHP,0.3425396418455752,0.27239037
tbhp_cf3,Route 3,R3,TBHP-CF3,TBHP,0.515531784527406,0.5176731
tbhp_cf3,Route 3,R3,TBHP-CF3,TBHP,0.9262487644096272,0.95100206
tbhp_cf3,Route 3,R3,TBHP-CF3,TBHP,1.2403559543908775,1.1432654
tbhp_cf3,Route 3,R3,TBHP-CF3,TBHP,1.4302570249996,1.4118644
tbhp_cf3,Route 3,R3,TBHP-CF3,TBHP,2.1931559671336185,2.0137267
tbhp_cf3,Route 3,R3,TBHP-CF3,TBHP,2.773231685256704,2.4910293
tbhp_cf3,Route 3,R3,TBHP-CF3,TBHP,0.0,0.0
tbhp_cf3,Route 3,R3,TBHP-CF3,TBHP,0.3830676707306225,0.3103934
tbhp_cf3,Route 3,R3,TBHP-CF3,TBHP,0.5998549218382891,0.58561474
tbhp_cf3,Route 3,R3,TBHP-CF3,TBHP,1.0236243220907502,1.0622423
tbhp_cf3,Route 3,R3,TBHP-CF3,TBHP,1.3273645783499852,1.2699243
tbhp_cf3,Route 3,R3,TBHP-CF3,TBHP,1.6509839788900222,1.5561918
tbhp_cf3,Route 3,R3,TBHP-CF3,TBHP,2.23864394248937,2.179534
tbhp_cf3,Route 3,R3,TBHP-CF3,TBHP,2.755142187049756,2.6392412
tbhp_cf3,Route 3,R3,TBHP-CF3,TBHP,0.0,0.0
tbhp_cf3,Route 3,R3,TBHP-CF3,TBHP,0.4167574461676787,0.34517694
tbhp_cf3,Route 3,R3,TBHP-CF3,TBHP,0.5559038245397044,0.64681834
tbhp_cf3,Route 3,R3,TBHP-CF3,TBHP,0.9811725296867658,1.1595641
tbhp_cf3,Route 3,R3,TBHP-CF3,TBHP,1.2920665666796167,1.3791823
tbhp_cf3,Route 3,R3,TBHP-CF3,TBHP,1.7191599440184118,1.6779534
tbhp_cf3,Route 3,R3,TBHP-CF3,TBHP,2.2826247129055743,2.3086715
tbhp_cf3,Route 3,R3,TBHP-CF3,TBHP,2.724045531052336,2.725029
tbhp_cf3,Route 3,R3,TBHP-CF3,TBHP,0.0,0.0
tbhp_cf3,Route 3,R3,TBHP-CF3,TBHP,0.1408653431384081,0.102223456
tbhp_cf3,Route 3,R3,TBHP-CF3,TBHP,0.2013179098142849,0.20503384
tbhp_cf3,Route 3,R3,TBHP-CF3,TBHP,0.3781152296762318,0.41648036
tbhp_cf3,Route 3,R3,TBHP-CF3,TBHP,0.5316817033394007,0.5249621
tbhp_cf3,Route 3,R3,TBHP-CF3,TBHP,0.7079826523135979,0.6951965
tbhp_cf3,Route 3,R3,TBHP-CF3,TBHP,1.2185383951881088,1.1885691
tbhp_cf3,Route 3,R3,TBHP-CF3,TBHP,1.9084336756509452,1.8279785
tbhp_cf3,Route 3,R3,TBHP-CF3,TBHP,0.0,0.0
tbhp_cf3,Route 3,R3,TBHP-CF3,TBHP,0.2572457417855701,0.18657112
tbhp_cf3,Route 3,R3,TBHP-CF3,TBHP,0.3354092304300674,0.36502442
tbhp_cf3,Route 3,R3,TBHP-CF3,TBHP,0.6457120676035403,0.7063835
tbhp_cf3,Route 3,R3,TBHP-CF3,TBHP,0.9049983880128384,0.869517
tbhp_cf3,Route 3,R3,TBHP-CF3,TBHP,1.1474483736745382,1.1109128
tbhp_cf3,Route 3,R3,TBHP-CF3,TBHP,1.7949895164664451,1.7234836
tbhp_cf3,Route 3,R3,TBHP-CF3,TBHP,2.5010307814876165,2.3489764
tbhp_cf3,Route 3,R3,TBHP-CF3,TBHP,0.0,0.0
tbhp_cf3,Route 3,R3,TBHP-CF3,TBHP,0.4312651502641007,0.3281905
tbhp_cf3,Route 3,R3,TBHP-CF3,TBHP,0.5809156370299647,0.6170518
tbhp_cf3,Route 3,R3,TBHP-CF3,TBHP,1.0452870050574876,1.1125937
tbhp_cf3,Route 3,R3,TBHP-CF3,TBHP,1.3841551352208272,1.326653
tbhp_cf3,Route 3,R3,TBHP-CF3,TBHP,1.6123691973128709,1.6197783
tbhp_cf3,Route 3,R3,TBHP-CF3,TBHP,2.1797661422000267,2.2485037
tbhp_cf3,Route 3,R3,TBHP-CF3,TBHP,2.5300829585983684,2.6899765
tbhp_cf3,Route 3,R3,TBHP-CF3,TBHP,0.0,0.0
tbhp_cf3,Route 3,R3,TBHP-CF3,TBHP,0.6552749103965512,0.5511908
tbhp_cf3,Route 3,R3,TBHP-CF3,TBHP,0.934019462534692,0.97732115
tbhp_cf3,Route 3,R3,TBHP-CF3,TBHP,1.5551996700493098,1.6072035
tbhp_cf3,Route 3,R3,TBHP-CF3,TBHP,1.92743990201446,1.8455375
tbhp_cf3,Route 3,R3,TBHP-CF3,TBHP,2.2903816958919383,2.141284
tbhp_cf3,Route 3,R3,TBHP-CF3,TBHP,2.704667140003201,2.6388488
tbhp_cf3,Route 3,R3,TBHP-CF3,TBHP,2.7673179964639765,2.739705
tbhp_cf3,Route 3,R3,TBHP-CF3,TBHP,0.0,0.0
tbhp_cf3,Route 3,R3,TBHP-CF3,TBHP,1.0589879257436223,0.87358177
tbhp_cf3,Route 3,R3,TBHP-CF3,TBHP,1.684814671882077,1.4328192
tbhp_cf3,Route 3,R3,TBHP-CF3,TBHP,2.2408156969288417,2.117242
tbhp_cf3,Route 3,R3,TBHP-CF3,TBHP,2.466680330349486,2.3345132
tbhp_cf3,Route 3,R3,TBHP-CF3,TBHP,2.6068755512116173,2.5664089
tbhp_cf3,Route 3,R3,TBHP-CF3,TBHP,2.736135322779887,2.7626753
tbhp_cf3,Route 3,R3,TBHP-CF3,TBHP,2.7698052955581485,2.7438216
tbhp_cf3,Route 3,R3,TBHP-CF3,TBHP,0.0,0.0
tbhp_cf3,Route 3,R3,TBHP-CF3,TBHP,1.6009278157163442,1.2917473
tbhp_cf3,Route 3,R3,TBHP-CF3,TBHP,1.970690137369364,1.9308017
tbhp_cf3,Route 3,R3,TBHP-CF3,TBHP,2.609023263130228,2.544083
tbhp_cf3,Route 3,R3,TBHP-CF3,TBHP,2.780135924630589,2.6867359
tbhp_cf3,Route 3,R3,TBHP-CF3,TBHP,2.8016918756215974,2.7796218
tbhp_cf3,Route 3,R3,TBHP-CF3,TBHP,2.7666182466485143,2.763466
tbhp_cf3,Route 3,R3,TBHP-CF3,TBHP,2.9598180659644497,2.739581
tbpb_benzaldehyde,Route 4,R4,TBPB-benzaldehyde,TBPB,0.0,0.0
tbpb_benzaldehyde,Route 4,R4,TBPB-benzaldehyde,TBPB,0.3224288927742287,0.14669487
tbpb_benzaldehyde,Route 4,R4,TBPB-benzaldehyde,TBPB,0.3816782859481148,0.23974653
tbpb_benzaldehyde,Route 4,R4,TBPB-benzaldehyde,TBPB,0.4633442593766289,0.3808298
tbpb_benzaldehyde,Route 4,R4,TBPB-benzaldehyde,TBPB,0.5433838015211672,0.46707058
tbpb_benzaldehyde,Route 4,R4,TBPB-benzaldehyde,TBPB,0.5863305433003553,0.5634304
tbpb_benzaldehyde,Route 4,R4,TBPB-benzaldehyde,TBPB,0.727026778538428,0.79040694
tbpb_benzaldehyde,Route 4,R4,TBPB-benzaldehyde,TBPB,0.791466162580041,1.027359
tbpb_benzaldehyde,Route 4,R4,TBPB-benzaldehyde,TBPB,0.0,0.0
tbpb_benzaldehyde,Route 4,R4,TBPB-benzaldehyde,TBPB,0.4134488514556388,0.3142958
tbpb_benzaldehyde,Route 4,R4,TBPB-benzaldehyde,TBPB,0.4902683256392812,0.45725206
tbpb_benzaldehyde,Route 4,R4,TBPB-benzaldehyde,TBPB,0.6065212798947143,0.6320802
tbpb_benzaldehyde,Route 4,R4,TBPB-benzaldehyde,TBPB,0.7186184701638525,0.7231228
tbpb_benzaldehyde,Route 4,R4,TBPB-benzaldehyde,TBPB,0.7987020282034094,0.81527954
tbpb_benzaldehyde,Route 4,R4,TBPB-benzaldehyde,TBPB,0.9875103495304368,1.0058285
tbpb_benzaldehyde,Route 4,R4,TBPB-benzaldehyde,TBPB,1.0255158252554744,1.1804824
tbpb_benzaldehyde,Route 4,R4,TBPB-benzaldehyde,TBPB,0.0,0.0
tbpb_benzaldehyde,Route 4,R4,TBPB-benzaldehyde,TBPB,0.429459589301467,0.36273217
tbpb_benzaldehyde,Route 4,R4,TBPB-benzaldehyde,TBPB,0.5014996076241731,0.5034941
tbpb_benzaldehyde,Route 4,R4,TBPB-benzaldehyde,TBPB,0.6342429305464118,0.66397303
tbpb_benzaldehyde,Route 4,R4,TBPB-benzaldehyde,TBPB,0.7607166010029596,0.74390435
tbpb_benzaldehyde,Route 4,R4,TBPB-benzaldehyde,TBPB,0.8687338944409396,0.8229119
tbpb_benzaldehyde,Route 4,R4,TBPB-benzaldehyde,TBPB,1.007178936178879,0.98171747
tbpb_benzaldehyde,Route 4,R4,TBPB-benzaldehyde,TBPB,1.1037551201051583,1.1234343
tbpb_benzaldehyde,Route 4,R4,TBPB-benzaldehyde,TBPB,0.0,0.0
tbpb_benzaldehyde,Route 4,R4,TBPB-benzaldehyde,TBPB,0.4229783199003185,0.35464755
tbpb_benzaldehyde,Route 4,R4,TBPB-benzaldehyde,TBPB,0.5118498795381061,0.48441735
tbpb_benzaldehyde,Route 4,R4,TBPB-benzaldehyde,TBPB,0.6315205839970546,0.62913066
tbpb_benzaldehyde,Route 4,R4,TBPB-benzaldehyde,TBPB,0.7444204385757974,0.70025325
tbpb_benzaldehyde,Route 4,R4,TBPB-benzaldehyde,TBPB,0.856468097058078,0.77007127
tbpb_benzaldehyde,Route 4,R4,TBPB-benzaldehyde,TBPB,0.9450181199045,0.90928024
tbpb_benzaldehyde,Route 4,R4,TBPB-benzaldehyde,TBPB,1.0603722789285854,1.0325583
tbpb_benzaldehyde,Route 4,R4,TBPB-benzaldehyde,TBPB,0.0,0.0
tbpb_benzaldehyde,Route 4,R4,TBPB-benzaldehyde,TBPB,0.4008333416314396,0.32550293
tbpb_benzaldehyde,Route 4,R4,TBPB-benzaldehyde,TBPB,0.4532312432464272,0.44376734
tbpb_benzaldehyde,Route 4,R4,TBPB-benzaldehyde,TBPB,0.579342532138383,0.575316
tbpb_benzaldehyde,Route 4,R4,TBPB-benzaldehyde,TBPB,0.6955938621417554,0.6398706
tbpb_benzaldehyde,Route 4,R4,TBPB-benzaldehyde,TBPB,0.8080452300118631,0.70319194
tbpb_benzaldehyde,Route 4,R4,TBPB-benzaldehyde,TBPB,0.9654802776471356,0.8293335
tbpb_benzaldehyde,Route 4,R4,TBPB-benzaldehyde,TBPB,1.0097411984222573,0.9409427
tbpb_benzaldehyde,Route 4,R4,TBPB-benzaldehyde,TBPB,0.0,0.0
tbpb_benzaldehyde,Route 4,R4,TBPB-benzaldehyde,TBPB,0.3821473014867627,0.44282022
tbpb_benzaldehyde,Route 4,R4,TBPB-benzaldehyde,TBPB,0.4961654885830757,0.5936326
tbpb_benzaldehyde,Route 4,R4,TBPB-benzaldehyde,TBPB,0.6506082930005916,0.75611454
tbpb_benzaldehyde,Route 4,R4,TBPB-benzaldehyde,TBPB,0.7980891061568147,0.8337661
tbpb_benzaldehyde,Route 4,R4,TBPB-benzaldehyde,TBPB,0.9221825928493064,0.9084644
tbpb_benzaldehyde,Route 4,R4,TBPB-benzaldehyde,TBPB,1.1283472888005543,1.0520647
tbpb_benzaldehyde,Route 4,R4,TBPB-benzaldehyde,TBPB,1.2141420825230365,1.1712652
tbpb_benzaldehyde,Route 4,R4,TBPB-benzaldehyde,TBPB,0.0,0.0
tbpb_benzaldehyde,Route 4,R4,TBPB-benzaldehyde,TBPB,0.3973694587148221,0.382491
tbpb_benzaldehyde,Route 4,R4,TBPB-benzaldehyde,TBPB,0.5023470659883964,0.52720815
tbpb_benzaldehyde,Route 4,R4,TBPB-benzaldehyde,TBPB,0.6403685130491206,0.6903732
tbpb_benzaldehyde,Route 4,R4,TBPB-benzaldehyde,TBPB,0.7710549672098626,0.7710072
tbpb_benzaldehyde,Route 4,R4,TBPB-benzaldehyde,TBPB,0.8876674785689211,0.8503154
tbpb_benzaldehyde,Route 4,R4,TBPB-benzaldehyde,TBPB,1.0821462634343697,1.0084896
tbpb_benzaldehyde,Route 4,R4,TBPB-benzaldehyde,TBPB,1.142761103847162,1.1479427
tbpb_benzaldehyde,Route 4,R4,TBPB-benzaldehyde,TBPB,0.0,0.0
tbpb_benzaldehyde,Route 4,R4,TBPB-benzaldehyde,TBPB,0.381081484284885,0.32395375
tbpb_benzaldehyde,Route 4,R4,TBPB-benzaldehyde,TBPB,0.4749887551025123,0.45782873
tbpb_benzaldehyde,Route 4,R4,TBPB-benzaldehyde,TBPB,0.584377478425128,0.6146621
tbpb_benzaldehyde,Route 4,R4,TBPB-benzaldehyde,TBPB,0.6889178659485786,0.6941931
tbpb_benzaldehyde,Route 4,R4,TBPB-benzaldehyde,TBPB,0.7939466881896525,0.7736238
tbpb_benzaldehyde,Route 4,R4,TBPB-benzaldehyde,TBPB,0.9722514126878902,0.93558466
tbpb_benzaldehyde,Route 4,R4,TBPB-benzaldehyde,TBPB,1.0199675067892948,1.0828458
tbpb_benzaldehyde,Route 4,R4,TBPB-benzaldehyde,TBPB,0.0,0.0
tbpb_benzaldehyde,Route 4,R4,TBPB-benzaldehyde,TBPB,0.3492675423260741,0.27504045
tbpb_benzaldehyde,Route 4,R4,TBPB-benzaldehyde,TBPB,0.3972471590574778,0.39710486
tbpb_benzaldehyde,Route 4,R4,TBPB-benzaldehyde,TBPB,0.4862798389049003,0.54484403
tbpb_benzaldehyde,Route 4,R4,TBPB-benzaldehyde,TBPB,0.572482130517947,0.6213638
tbpb_benzaldehyde,Route 4,R4,TBPB-benzaldehyde,TBPB,0.6650120546853221,0.6986801
tbpb_benzaldehyde,Route 4,R4,TBPB-benzaldehyde,TBPB,0.8208169285637805,0.85862994
tbpb_benzaldehyde,Route 4,R4,TBPB-benzaldehyde,TBPB,0.8625030523065587,1.0062977
tbpb_benzaldehyde,Route 4,R4,TBPB-benzaldehyde,TBPB,0.0,0.0
tbpb_benzaldehyde,Route 4,R4,TBPB-benzaldehyde,TBPB,0.2785127718009012,0.21684071
tbpb_benzaldehyde,Route 4,R4,TBPB-benzaldehyde,TBPB,0.3115022486663255,0.3259174
tbpb_benzaldehyde,Route 4,R4,TBPB-benzaldehyde,TBPB,0.3828926472566116,0.46681154
tbpb_benzaldehyde,Route 4,R4,TBPB-benzaldehyde,TBPB,0.4535872282618035,0.5430171
tbpb_benzaldehyde,Route 4,R4,TBPB-benzaldehyde,TBPB,0.5214883785771329,0.6218756
tbpb_benzaldehyde,Route 4,R4,TBPB-benzaldehyde,TBPB,0.6126502253149207,0.7896893
tbpb_benzaldehyde,Route 4,R4,TBPB-benzaldehyde,TBPB,0.6948991095436999,0.9484598
tbpb_benzaldehyde,Route 4,R4,TBPB-benzaldehyde,TBPB,0.0,0.0
tbpb_benzaldehyde,Route 4,R4,TBPB-benzaldehyde,TBPB,0.2080927347285439,0.24552232
tbpb_benzaldehyde,Route 4,R4,TBPB-benzaldehyde,TBPB,0.3190912807735734,0.36804053
tbpb_benzaldehyde,Route 4,R4,TBPB-benzaldehyde,TBPB,0.4705742234987877,0.5255098
tbpb_benzaldehyde,Route 4,R4,TBPB-benzaldehyde,TBPB,0.6239273361201668,0.6103538
tbpb_benzaldehyde,Route 4,R4,TBPB-benzaldehyde,TBPB,0.7569911160120433,0.6979287
tbpb_benzaldehyde,Route 4,R4,TBPB-benzaldehyde,TBPB,1.002406587600276,0.88355166
tbpb_benzaldehyde,Route 4,R4,TBPB-benzaldehyde,TBPB,1.1876481042467553,1.0581412
tbpb_benzaldehyde,Route 4,R4,TBPB-benzaldehyde,TBPB,0.0,0.0
tbpb_benzaldehyde,Route 4,R4,TBPB-benzaldehyde,TBPB,0.3270882220999736,0.27125224
tbpb_benzaldehyde,Route 4,R4,TBPB-benzaldehyde,TBPB,0.4336275243347145,0.40032336
tbpb_benzaldehyde,Route 4,R4,TBPB-benzaldehyde,TBPB,0.5926909386806378,0.5619477
tbpb_benzaldehyde,Route 4,R4,TBPB-benzaldehyde,TBPB,0.741468628482883,0.6474926
tbpb_benzaldehyde,Route 4,R4,TBPB-benzaldehyde,TBPB,0.8547020366836787,0.73490447
tbpb_benzaldehyde,Route 4,R4,TBPB-benzaldehyde,TBPB,1.0411696849609016,0.9179037
tbpb_benzaldehyde,Route 4,R4,TBPB-benzaldehyde,TBPB,1.1630735015540992,1.0880383
tbpb_benzaldehyde,Route 4,R4,TBPB-benzaldehyde,TBPB,0.0,0.0
tbpb_benzaldehyde,Route 4,R4,TBPB-benzaldehyde,TBPB,0.3181075013865086,0.2977853
tbpb_benzaldehyde,Route 4,R4,TBPB-benzaldehyde,TBPB,0.4304736722652304,0.43277103
tbpb_benzaldehyde,Route 4,R4,TBPB-benzaldehyde,TBPB,0.5760217776299881,0.59767306
tbpb_benzaldehyde,Route 4,R4,TBPB-benzaldehyde,TBPB,0.7199498182495055,0.68353045
tbpb_benzaldehyde,Route 4,R4,TBPB-benzaldehyde,TBPB,0.8282682213027763,0.7704685
tbpb_benzaldehyde,Route 4,R4,TBPB-benzaldehyde,TBPB,1.0160447092787697,0.95049214
tbpb_benzaldehyde,Route 4,R4,TBPB-benzaldehyde,TBPB,1.0923286190616714,1.1161633
tbpb_benzaldehyde,Route 4,R4,TBPB-benzaldehyde,TBPB,0.0,0.0
tbpb_benzaldehyde,Route 4,R4,TBPB-benzaldehyde,TBPB,0.3866794175853942,0.32495686
tbpb_benzaldehyde,Route 4,R4,TBPB-benzaldehyde,TBPB,0.4809765979574243,0.46518794
tbpb_benzaldehyde,Route 4,R4,TBPB-benzaldehyde,TBPB,0.6002774226933071,0.632551
tbpb_benzaldehyde,Route 4,R4,TBPB-benzaldehyde,TBPB,0.7156685675265773,0.7183858
tbpb_benzaldehyde,Route 4,R4,TBPB-benzaldehyde,TBPB,0.7949830079919192,0.80459493
tbpb_benzaldehyde,Route 4,R4,TBPB-benzaldehyde,TBPB,0.9734393357321186,0.98138595
tbpb_benzaldehyde,Route 4,R4,TBPB-benzaldehyde,TBPB,1.0287098240503023,1.1426297
tbpb_benzaldehyde,Route 4,R4,TBPB-benzaldehyde,TBPB,0.0,0.0
tbpb_benzaldehyde,Route 4,R4,TBPB-benzaldehyde,TBPB,0.407843642940179,0.3526035
tbpb_benzaldehyde,Route 4,R4,TBPB-benzaldehyde,TBPB,0.4801504026651442,0.49740013
tbpb_benzaldehyde,Route 4,R4,TBPB-benzaldehyde,TBPB,0.587462124118579,0.6664786
tbpb_benzaldehyde,Route 4,R4,TBPB-benzaldehyde,TBPB,0.6908506881061207,0.7520064
tbpb_benzaldehyde,Route 4,R4,TBPB-benzaldehyde,TBPB,0.772606528691633,0.8372817
tbpb_benzaldehyde,Route 4,R4,TBPB-benzaldehyde,TBPB,0.9402622081714548,1.0106614
tbpb_benzaldehyde,Route 4,R4,TBPB-benzaldehyde,TBPB,0.9945899417520826,1.1675488
